{
  "version": 1,
  "author": "Anonymous maker",
  "editor": "wokwi",
  "parts": [
    { "type": "wokwi-breadboard-half", "id": "bb1", "top": 35.4, "left": 166, "attrs": {} },
    { "type": "wokwi-arduino-uno", "id": "uno", "top": 39, "left": -135, "attrs": {} },
    { "type": "wokwi-led", "id": "led1", "top": 44.4, "left": 272.6, "attrs": { "color": "red" } },
    {
      "type": "wokwi-resistor",
      "id": "r1",
      "top": 99.95,
      "left": 297.6,
      "attrs": { "value": "1000" }
    }
  ],
  "connections": [
    [ "bb1:11t.e", "bb1:bn.9", "black", [ "v0" ] ],
    [ "bb1:bn.1", "uno:GND.3", "green", [ "v85.1", "h-152" ] ],
    [ "led1:A", "bb1:12t.a", "", [ "$bb" ] ],
    [ "led1:C", "bb1:11t.a", "", [ "$bb" ] ],
    [ "r1:1", "bb1:12t.c", "", [ "$bb" ] ],
    [ "r1:2", "bb1:18t.c", "", [ "$bb" ] ],
    [ "uno:13", "bb1:18t.a", "green", [ "v-67.2", "h365.2" ] ]
  ],
  "dependencies": {}
}